{"initial_reset_timestamp": 1617131251.1026704, "timestamps": [1617131251.910717, 1617131252.2288704, 1617131252.643759, 1617131253.1385128, 1617131253.8442466, 1617131254.2282205, 1617131254.6780186, 1617131255.062043, 1617131255.4719417, 1617131256.1783805], "episode_lengths": [28, 10, 14, 17, 32, 11, 15, 12, 11, 31], "episode_rewards": [28.0, 10.0, 14.0, 17.0, 32.0, 11.0, 15.0, 12.0, 11.0, 31.0], "episode_types": ["t", "t", "t", "t", "t", "t", "t", "t", "t", "t"]}